txId,confirmationTime
2026-06-12 14:48:20 UTC,7.476260455e-2,0.20216702615,12
