txId,confirmationTime
2026-06-16 10:24:50 UTC,7.228044565e-2,0.192034971383,12
