txId,confirmationTime
2026-06-19 14:05:50 UTC,0.218859637183,0.381695136883,12
