txId,confirmationTime
2026-06-15 15:23:25 UTC,6.5849916933e-2,0.184735821433,12
