txId,confirmationTime
2026-06-15 09:07:55 UTC,5.9305238216e-2,0.164497742033,12
