txId,confirmationTime
2026-06-18 10:02:20 UTC,6.5483326983e-2,0.175974646383,12
