txId,confirmationTime
2026-06-12 16:35:00 UTC,6.788405315e-2,0.17142785985,12
