txId,confirmationTime
2026-06-17 13:30:15 UTC,7.0325038433e-2,0.1832314936,12
