txId,confirmationTime
2026-06-15 15:07:55 UTC,7.1548429533e-2,0.213010096516,12
