txId,confirmationTime
2026-06-17 14:52:55 UTC,7.147538615e-2,0.195491172466,12
