txId,confirmationTime
2026-06-17 16:13:30 UTC,9.9057017916e-2,0.2106105721,12
