txId,confirmationTime
2026-06-16 13:30:25 UTC,6.57035952e-2,0.198048822733,12
