txId,confirmationTime
2026-06-15 09:25:35 UTC,6.221951945e-2,0.180591220083,12
