txId,confirmationTime
2026-06-15 12:47:25 UTC,6.68966936e-2,0.196060819583,12
