txId,confirmationTime
2026-06-18 12:55:10 UTC,6.3676075766e-2,0.173505839216,12
