txId,confirmationTime
2026-06-12 15:10:55 UTC,2.5200915566e-2,7.04763648e-2,6
