txId,confirmationTime
2026-06-12 15:37:50 UTC,2.59343896e-2,6.68436767e-2,6
