txId,confirmationTime
2026-06-12 15:09:55 UTC,2.54469122e-2,5.99186399e-2,6
