txId,confirmationTime
2026-06-12 15:36:50 UTC,2.4819946633e-2,6.02737703e-2,6
