txId,confirmationTime
2026-06-12 15:13:25 UTC,4.903568283e-3,1.7367610316e-2,12
