txId,confirmationTime
2026-06-12 15:40:20 UTC,6.772330166e-3,1.873057815e-2,12
