txId,confirmationTime
2026-06-12 15:14:00 UTC,6.4310350033e-2,0.1809690569,12
