txId,confirmationTime
2026-06-12 15:40:55 UTC,6.9104512533e-2,0.185328341516,12
