txId,confirmationTime
2026-06-16 13:27:50 UTC,2.524966633e-3,9.5151788e-3,6
