txId,confirmationTime
2026-06-17 13:27:45 UTC,2.912611266e-3,9.702609466e-3,6
