txId,confirmationTime
2026-06-12 14:45:45 UTC,2.352630466e-3,8.495141033e-3,6
