txId,confirmationTime
2026-06-17 16:11:00 UTC,2.363624433e-3,8.896094133e-3,6
