txId,confirmationTime
2026-06-15 12:44:45 UTC,2.4204972e-3,9.100338933e-3,6
