txId,confirmationTime
2026-06-19 14:03:25 UTC,1.7078167e-3,6.891764266e-3,6
