txId,confirmationTime
2026-06-15 09:05:35 UTC,1.932256466e-3,7.385257233e-3,6
