txId,confirmationTime
2026-06-15 15:20:55 UTC,2.140034833e-3,8.205949166e-3,6
