txId,confirmationTime
2026-06-17 14:50:30 UTC,2.309562166e-3,8.600933166e-3,6
