txId,confirmationTime
2026-06-16 10:22:20 UTC,1.9773513e-3,7.835797e-3,6
