txId,confirmationTime
2026-06-15 15:05:25 UTC,2.4081296e-3,9.201804233e-3,6
