txId,confirmationTime
2026-06-18 09:59:45 UTC,2.0132927e-3,7.991176733e-3,6
