txId,confirmationTime
2026-06-12 16:32:25 UTC,2.179338766e-3,8.097160266e-3,6
