txId,confirmationTime
2026-06-17 13:28:40 UTC,2.4004667e-3,8.0238297e-3,6
