txId,confirmationTime
2026-06-16 13:28:50 UTC,2.276060766e-3,7.501003333e-3,6
