txId,confirmationTime
2026-06-19 14:04:20 UTC,6.4351425e-3,1.9280343766e-2,6
