txId,confirmationTime
2026-06-15 12:45:45 UTC,2.4793104e-3,8.178377533e-3,6
