txId,confirmationTime
2026-06-12 14:46:45 UTC,2.140083266e-3,7.261606266e-3,6
