txId,confirmationTime
2026-06-15 09:06:25 UTC,1.8834228e-3,6.432525633e-3,6
