txId,confirmationTime
2026-06-17 16:12:00 UTC,2.237054633e-3,7.2891469e-3,6
