txId,confirmationTime
2026-06-17 14:51:25 UTC,2.0604441e-3,7.0290972e-3,6
