txId,confirmationTime
2026-06-12 16:33:25 UTC,2.095199233e-3,7.073693566e-3,6
