txId,confirmationTime
2026-06-15 15:06:20 UTC,2.072239233e-3,7.039590566e-3,6
