txId,confirmationTime
2026-06-16 10:23:20 UTC,2.080753733e-3,6.9459885e-3,6
