txId,confirmationTime
2026-06-18 10:00:45 UTC,2.259636766e-3,7.688995333e-3,6
