txId,confirmationTime
2026-06-12 15:37:20 UTC,2.182469733e-3,5.7742509e-3,6
