txId,confirmationTime
2026-06-12 15:10:25 UTC,1.9864515e-3,5.739384533e-3,6
