txId,confirmationTime
2026-06-15 12:45:20 UTC,2.4713367233e-2,6.31685131e-2,6
