txId,confirmationTime
2026-06-15 09:06:05 UTC,2.3627686666e-2,5.5703040766e-2,6
