txId,confirmationTime
2026-06-16 10:22:50 UTC,2.61845678e-2,6.30084708e-2,6
