txId,confirmationTime
2026-06-18 10:00:15 UTC,2.6718049333e-2,5.9958776433e-2,6
