txId,confirmationTime
2026-06-12 16:32:55 UTC,2.25290362e-2,5.9122028433e-2,6
