txId,confirmationTime
2026-06-19 14:03:55 UTC,0.150191639533,0.254326248566,6
