txId,confirmationTime
2026-06-17 13:28:15 UTC,2.9459503533e-2,6.7807270233e-2,6
