txId,confirmationTime
2026-06-17 14:51:00 UTC,2.6233054666e-2,5.84241525e-2,6
