txId,confirmationTime
2026-06-16 13:28:25 UTC,2.71518154e-2,6.55184049e-2,6
