txId,confirmationTime
2026-06-15 15:05:55 UTC,3.0177717066e-2,6.9625440233e-2,6
