txId,confirmationTime
2026-06-12 14:46:15 UTC,2.58095731e-2,6.54664288e-2,6
