txId,confirmationTime
2026-06-17 16:11:30 UTC,2.59228633e-2,5.8956938333e-2,6
