txId,confirmationTime
2026-06-15 15:21:25 UTC,2.6948369933e-2,6.6268302933e-2,6
