txId,confirmationTime
2026-06-15 09:23:35 UTC,2.4762083133e-2,6.0687505033e-2,6
