txId,confirmationTime
2026-06-18 12:53:05 UTC,2.5234766233e-2,5.7712785966e-2,6
