txId,confirmationTime
2026-06-12 15:45:50 UTC,0.122364063844,0.302589337922,18
