txId,confirmationTime
2026-06-12 15:19:00 UTC,0.120541530711,0.317201045577,18
