txId,confirmationTime
2026-06-12 15:12:25 UTC,2.200642233e-3,7.087558466e-3,6
