txId,confirmationTime
2026-06-12 15:39:15 UTC,2.120112333e-3,6.973842233e-3,6
