txId,confirmationTime
2026-06-12 15:42:35 UTC,7.85576915e-3,2.3703560266e-2,12
