txId,confirmationTime
2026-06-12 15:15:40 UTC,7.8205682e-3,2.3888595016e-2,12
