txId,confirmationTime
2026-06-18 12:52:00 UTC,2.5731056266e-2,6.5511785233e-2,6
