txId,confirmationTime
2026-06-18 09:59:15 UTC,2.7435357166e-2,6.6862319266e-2,6
