txId,confirmationTime
2026-06-16 13:27:20 UTC,2.8228579366e-2,7.4345336266e-2,6
