txId,confirmationTime
2026-06-15 15:04:50 UTC,3.1400594233e-2,8.2537636433e-2,6
