txId,confirmationTime
2026-06-17 16:10:30 UTC,2.4166712433e-2,6.3115974e-2,6
