txId,confirmationTime
2026-06-17 13:27:15 UTC,2.5940617433e-2,6.6868770433e-2,6
