txId,confirmationTime
2026-06-12 16:31:55 UTC,2.3540482466e-2,6.5407808733e-2,6
