txId,confirmationTime
2026-06-15 15:20:20 UTC,2.6949336866e-2,7.17632441e-2,6
