txId,confirmationTime
2026-06-15 09:22:30 UTC,2.4208110866e-2,6.7125876233e-2,6
