txId,confirmationTime
2026-06-16 10:21:45 UTC,2.27052138e-2,6.49806221e-2,6
