txId,confirmationTime
2026-06-17 14:50:00 UTC,2.85574513e-2,7.4271302266e-2,6
