txId,confirmationTime
2026-06-15 09:05:05 UTC,2.13808255e-2,6.1428675466e-2,6
