txId,confirmationTime
2026-06-12 14:45:15 UTC,2.9637079933e-2,7.6155708133e-2,6
