txId,confirmationTime
2026-06-19 14:02:55 UTC,5.3293234966e-2,0.112609779333,6
