txId,confirmationTime
2026-06-15 12:44:15 UTC,2.3366284233e-2,6.8733230466e-2,6
