{
    "samples": [
        15,
        30,
        1.8446744073709551613e19,
        1.8446744073709551599e19,
        9
    ],
    "seed": -350964969
}