txId,confirmationTime
2026-06-12 15:43:10 UTC,0.112535960711,0.295440811922,18
