txId,confirmationTime
2026-06-12 15:16:15 UTC,0.1128094962,0.293719568422,18
