txId,confirmationTime
2026-06-12 15:11:25 UTC,2.070686433e-3,8.1701432e-3,6
