txId,confirmationTime
2026-06-12 15:38:20 UTC,2.1910614e-3,8.390458433e-3,6
