txId,confirmationTime
2026-06-19 14:09:15 UTC,0.147081232355,0.466882621744,18
