txId,confirmationTime
2026-06-18 12:58:40 UTC,0.114241499444,0.344848352822,18
