txId,confirmationTime
2026-06-16 10:28:05 UTC,0.111825994377,0.3312768944,18
