txId,confirmationTime
2026-06-15 09:11:20 UTC,0.1047958919,0.312628412122,18
