txId,confirmationTime
2026-06-15 09:29:05 UTC,0.114087199433,0.415996985644,18
