txId,confirmationTime
2026-06-15 15:26:55 UTC,0.114820795133,0.348599770377,18
