txId,confirmationTime
2026-06-17 13:33:45 UTC,0.118584279511,0.355548968,18
