txId,confirmationTime
2026-06-12 14:51:55 UTC,0.114639696277,0.365858400822,18
