txId,confirmationTime
2026-06-17 16:16:55 UTC,0.175335266644,0.411784366255,18
