txId,confirmationTime
2026-06-15 15:11:25 UTC,0.132995273355,0.388839058566,18
