txId,confirmationTime
2026-06-17 14:56:30 UTC,0.119235443333,0.323107134633,18
