txId,confirmationTime
2026-06-16 13:33:55 UTC,0.122626710266,0.374228460033,18
