txId,confirmationTime
2026-06-15 12:50:55 UTC,0.124186912522,0.404862425811,18
