txId,confirmationTime
2026-06-12 16:38:25 UTC,0.116919834977,0.335528277255,18
