txId,confirmationTime
2026-06-18 10:05:50 UTC,0.118732981188,0.3385296877,18
