txId,confirmationTime
2026-06-12 15:43:45 UTC,9.605274333e-3,3.3871609122e-2,18
