txId,confirmationTime
2026-06-12 15:19:35 UTC,1.4502433777e-2,4.78812289e-2,18
