txId,confirmationTime
2026-06-12 15:46:20 UTC,1.5168666711e-2,4.96370542e-2,18
