txId,confirmationTime
2026-06-12 15:38:50 UTC,2.94396304e-2,7.2842434533e-2,6
