txId,confirmationTime
2026-06-12 15:11:55 UTC,2.5795419766e-2,6.31547615e-2,6
