txId,confirmationTime
2026-06-15 12:52:20 UTC,0.123320043577,0.330510416211,18
