txId,confirmationTime
2026-06-18 10:07:20 UTC,0.119747370377,0.299345884355,18
