txId,confirmationTime
2026-06-15 09:12:45 UTC,9.7597578155e-2,0.2743959148,18
