txId,confirmationTime
2026-06-19 14:10:40 UTC,0.101177966622,0.248795775088,18
