txId,confirmationTime
2026-06-16 13:35:25 UTC,0.121730783933,0.314439113944,18
