txId,confirmationTime
2026-06-17 13:35:10 UTC,0.1222608693,0.310611886822,18
