txId,confirmationTime
2026-06-16 10:29:35 UTC,0.119691656433,0.291921670033,18
