txId,confirmationTime
2026-06-17 14:58:00 UTC,0.125622002966,0.304833474377,18
