txId,confirmationTime
2026-06-15 09:30:35 UTC,0.1108823274,0.3083184185,18
