txId,confirmationTime
2026-06-18 13:00:05 UTC,0.109810120433,0.260768075877,18
