txId,confirmationTime
2026-06-12 14:53:25 UTC,0.117947735433,0.308587493877,18
