txId,confirmationTime
2026-06-12 16:39:50 UTC,0.111136489977,0.294114996577,18
