txId,confirmationTime
2026-06-15 15:28:25 UTC,0.122449825955,0.3038757562,18
