txId,confirmationTime
2026-06-17 16:18:20 UTC,0.1150181603,0.3047230627,18
