txId,confirmationTime
2026-06-15 15:12:55 UTC,0.123924796611,0.3247716304,18
