txId,confirmationTime
2026-06-18 09:58:15 UTC,2.5399365e-2,5.6172210233e-2,6
