txId,confirmationTime
2026-06-16 10:20:50 UTC,2.44977972e-2,6.0983002933e-2,6
