txId,confirmationTime
2026-06-17 13:26:15 UTC,2.7250361833e-2,5.7437447033e-2,6
