txId,confirmationTime
2026-06-17 16:09:30 UTC,2.5289413466e-2,5.46383625e-2,6
