txId,confirmationTime
2026-06-15 15:19:25 UTC,2.6662757666e-2,6.5651174533e-2,6
