txId,confirmationTime
2026-06-12 14:44:15 UTC,2.3455093233e-2,5.7015323666e-2,6
