txId,confirmationTime
2026-06-12 16:31:00 UTC,2.2743348333e-2,5.3898912666e-2,6
