txId,confirmationTime
2026-06-15 12:43:15 UTC,3.0797478633e-2,6.7129570733e-2,6
