txId,confirmationTime
2026-06-18 12:51:05 UTC,2.48736511e-2,5.4589319366e-2,6
