txId,confirmationTime
2026-06-16 13:26:20 UTC,2.5649017366e-2,6.2504372366e-2,6
