txId,confirmationTime
2026-06-15 15:03:50 UTC,2.8984449666e-2,6.68819918e-2,6
