txId,confirmationTime
2026-06-15 09:21:35 UTC,2.38302899e-2,5.8432079933e-2,6
