txId,confirmationTime
2026-06-15 09:04:05 UTC,2.2544185133e-2,5.36747696e-2,6
