txId,confirmationTime
2026-06-17 14:49:00 UTC,2.8615306666e-2,6.2883521966e-2,6
