txId,confirmationTime
2026-06-19 14:01:55 UTC,2.09559657e-2,4.5160233733e-2,6
