txId,confirmationTime
2026-06-12 14:52:40 UTC,2.0969430755e-2,6.6543090833e-2,18
