txId,confirmationTime
2026-06-15 09:12:05 UTC,1.6758965088e-2,5.9339170366e-2,18
