txId,confirmationTime
2026-06-18 12:59:20 UTC,2.1057342144e-2,6.3967001733e-2,18
