txId,confirmationTime
2026-06-19 14:10:00 UTC,1.9944939733e-2,7.5047462688e-2,18
