txId,confirmationTime
2026-06-16 13:34:40 UTC,2.1913299655e-2,6.67437166e-2,18
