txId,confirmationTime
2026-06-18 10:06:35 UTC,1.8387785844e-2,6.4655225344e-2,18
