txId,confirmationTime
2026-06-15 15:27:40 UTC,2.0014067522e-2,6.5429460433e-2,18
