txId,confirmationTime
2026-06-17 13:34:25 UTC,2.05887052e-2,6.3714315388e-2,18
