txId,confirmationTime
2026-06-17 14:57:15 UTC,2.0434078177e-2,6.51131455e-2,18
