txId,confirmationTime
2026-06-15 09:29:50 UTC,2.15171184e-2,6.7133345033e-2,18
