txId,confirmationTime
2026-06-15 09:26:10 UTC,1.004911025e-2,3.2221926416e-2,12
