txId,confirmationTime
2026-06-15 12:48:00 UTC,1.1816565533e-2,3.4534046816e-2,12
