txId,confirmationTime
2026-06-12 14:49:00 UTC,1.01244347e-2,3.1806525316e-2,12
