txId,confirmationTime
2026-06-12 16:35:35 UTC,9.2560529e-3,2.9246711966e-2,12
