txId,confirmationTime
2026-06-15 09:08:30 UTC,8.247121033e-3,2.8117974733e-2,12
