txId,confirmationTime
2026-06-16 10:25:20 UTC,1.0009476866e-2,3.1071823883e-2,12
