txId,confirmationTime
2026-06-18 10:03:00 UTC,9.312128316e-3,3.1592469916e-2,12
