txId,confirmationTime
2026-06-17 13:30:50 UTC,1.17199449e-2,3.2995281233e-2,12
