txId,confirmationTime
2026-06-19 14:06:25 UTC,1.3022144883e-2,3.6672622033e-2,12
