txId,confirmationTime
2026-06-15 15:08:30 UTC,1.1341668033e-2,3.2838141433e-2,12
