txId,confirmationTime
2026-06-17 16:14:00 UTC,1.071444785e-2,3.294576125e-2,12
