txId,confirmationTime
2026-06-18 12:55:45 UTC,1.00680819e-2,3.295432935e-2,12
