txId,confirmationTime
2026-06-15 15:24:00 UTC,1.0320817533e-2,3.2177352683e-2,12
