txId,confirmationTime
2026-06-16 13:31:05 UTC,1.1538534433e-2,3.4315520133e-2,12
