txId,confirmationTime
2026-06-17 14:53:35 UTC,9.745941183e-3,3.178914785e-2,12
