txId,confirmationTime
2026-06-17 13:33:10 UTC,9.239919433e-3,3.2124510055e-2,18
