txId,confirmationTime
2026-06-16 13:33:20 UTC,9.205850155e-3,3.3893397222e-2,18
