txId,confirmationTime
2026-06-16 10:27:30 UTC,9.195246966e-3,3.18049351e-2,18
