txId,confirmationTime
2026-06-12 16:37:50 UTC,8.145919177e-3,2.8546110144e-2,18
