txId,confirmationTime
2026-06-15 09:10:45 UTC,7.903626088e-3,2.82609359e-2,18
