txId,confirmationTime
2026-06-18 10:05:15 UTC,9.357848211e-3,3.2529360222e-2,18
