txId,confirmationTime
2026-06-17 16:16:20 UTC,9.643016344e-3,3.3779473577e-2,18
