txId,confirmationTime
2026-06-18 12:58:05 UTC,9.649297933e-3,3.3168593966e-2,18
