txId,confirmationTime
2026-06-15 15:10:50 UTC,9.882174e-3,3.5426179877e-2,18
