txId,confirmationTime
2026-06-15 15:26:20 UTC,9.824974711e-3,3.4712501811e-2,18
