txId,confirmationTime
2026-06-15 12:50:20 UTC,9.728270822e-3,3.5573762666e-2,18
