txId,confirmationTime
2026-06-15 09:28:30 UTC,9.428798244e-3,3.3145670177e-2,18
