txId,confirmationTime
2026-06-19 14:08:40 UTC,7.633246355e-3,2.9535732977e-2,18
