txId,confirmationTime
2026-06-12 15:39:50 UTC,7.446319835e-2,0.167378577583,12
