txId,confirmationTime
2026-06-12 15:12:55 UTC,6.6415406533e-2,0.158651693033,12
