txId,confirmationTime
2026-06-16 13:31:40 UTC,8.280285195e-2,0.19732410605,12
