txId,confirmationTime
2026-06-18 12:56:20 UTC,6.5358925733e-2,0.165019036983,12
