txId,confirmationTime
2026-06-15 09:09:05 UTC,5.3103708016e-2,0.16032285695,12
