txId,confirmationTime
2026-06-15 12:48:35 UTC,6.7712510716e-2,0.17677325775,12
