txId,confirmationTime
2026-06-18 10:03:35 UTC,6.5843234466e-2,0.157964547116,12
