txId,confirmationTime
2026-06-17 14:54:10 UTC,6.4991028616e-2,0.1502880786,12
