txId,confirmationTime
2026-06-17 16:14:35 UTC,6.4367284566e-2,0.151145421966,12
