txId,confirmationTime
2026-06-17 13:31:25 UTC,7.1592721466e-2,0.176368989083,12
