txId,confirmationTime
2026-06-15 15:09:05 UTC,6.78597516e-2,0.169974509616,12
