txId,confirmationTime
2026-06-15 09:26:45 UTC,6.21128669e-2,0.162001203233,12
