txId,confirmationTime
2026-06-15 15:24:35 UTC,7.0360494066e-2,0.1691268491,12
