txId,confirmationTime
2026-06-16 10:25:55 UTC,7.2009694833e-2,0.169118655116,12
