txId,confirmationTime
2026-06-12 16:36:10 UTC,6.1936705766e-2,0.162118527366,12
