txId,confirmationTime
2026-06-12 14:49:35 UTC,7.0683747966e-2,0.177077011033,12
