txId,confirmationTime
2026-06-19 14:07:00 UTC,7.08222783e-2,0.163977099733,12
