txId,confirmationTime
2026-06-12 15:15:10 UTC,7.81863687e-2,0.1823970449,12
