txId,confirmationTime
2026-06-12 15:42:00 UTC,6.8409002516e-2,0.1726153976,12
