txId,confirmationTime
2026-06-16 13:36:00 UTC,1.6026232477e-2,5.1365623155e-2,18
