txId,confirmationTime
2026-06-12 14:54:00 UTC,1.4536490322e-2,4.7840609388e-2,18
