txId,confirmationTime
2026-06-18 13:00:40 UTC,1.4731962811e-2,4.8564823455e-2,18
