txId,confirmationTime
2026-06-18 10:07:50 UTC,1.3874527877e-2,4.7777489788e-2,18
