txId,confirmationTime
2026-06-15 15:13:35 UTC,1.5551980988e-2,5.3491585755e-2,18
