txId,confirmationTime
2026-06-15 09:31:10 UTC,1.5227987755e-2,4.8591147177e-2,18
