txId,confirmationTime
2026-06-17 14:58:35 UTC,1.4532752166e-2,4.9132357766e-2,18
