txId,confirmationTime
2026-06-19 14:11:15 UTC,1.1742171088e-2,3.9651809955e-2,18
