txId,confirmationTime
2026-06-12 16:40:25 UTC,1.3101025933e-2,4.4277649922e-2,18
