txId,confirmationTime
2026-06-16 10:27:00 UTC,0.103612688088,0.267251126566,18
