txId,confirmationTime
2026-06-18 10:04:35 UTC,0.119355700733,0.267905345577,18
