txId,confirmationTime
2026-06-12 16:37:15 UTC,9.7168176277e-2,0.249089896077,18
