txId,confirmationTime
2026-06-18 12:57:30 UTC,0.115674855611,0.265577586244,18
