txId,confirmationTime
2026-06-17 16:15:45 UTC,0.109496002277,0.246127600022,18
