txId,confirmationTime
2026-06-15 15:25:45 UTC,0.115595058188,0.294276111188,18
