txId,confirmationTime
2026-06-16 13:32:45 UTC,0.118300440533,0.308131107366,18
