txId,confirmationTime
2026-06-15 15:10:15 UTC,0.137185683977,0.329502965866,18
