txId,confirmationTime
2026-06-17 14:55:15 UTC,0.108261048622,0.254832303955,18
