txId,confirmationTime
2026-06-15 12:49:45 UTC,0.127695725533,0.302252093666,18
