txId,confirmationTime
2026-06-12 14:50:40 UTC,0.115323181822,0.290479133844,18
