txId,confirmationTime
2026-06-17 13:32:35 UTC,0.117577797955,0.266151007544,18
