txId,confirmationTime
2026-06-15 09:27:50 UTC,0.112413476244,0.287211385044,18
