txId,confirmationTime
2026-06-15 09:10:10 UTC,0.100390984688,0.246916762866,18
