txId,confirmationTime
2026-06-19 14:08:05 UTC,9.2591365722e-2,0.224114628277,18
