txId,confirmationTime
2026-06-17 13:32:00 UTC,7.67291495e-3,2.62682584e-2,12
