txId,confirmationTime
2026-06-18 10:04:00 UTC,8.785187033e-3,2.5673926016e-2,12
