txId,confirmationTime
2026-06-15 09:27:20 UTC,7.60909125e-3,2.5846038833e-2,12
