txId,confirmationTime
2026-06-15 12:49:10 UTC,8.639112533e-3,2.77867587e-2,12
