txId,confirmationTime
2026-06-16 10:26:25 UTC,7.39651055e-3,2.353305375e-2,12
