txId,confirmationTime
2026-06-15 09:09:35 UTC,6.3655197e-3,2.1752155e-2,12
