txId,confirmationTime
2026-06-17 14:54:40 UTC,7.69585065e-3,2.5928183633e-2,12
