txId,confirmationTime
2026-06-12 16:36:40 UTC,7.27819515e-3,2.2401002e-2,12
