txId,confirmationTime
2026-06-15 15:09:40 UTC,8.11007695e-3,2.8121339533e-2,12
