txId,confirmationTime
2026-06-15 15:25:10 UTC,8.124918333e-3,2.48602238e-2,12
