txId,confirmationTime
2026-06-19 14:07:30 UTC,1.32153439e-2,3.980898555e-2,12
