txId,confirmationTime
2026-06-17 16:15:10 UTC,8.729611283e-3,2.5431043883e-2,12
