txId,confirmationTime
2026-06-18 12:56:55 UTC,9.1375358e-3,2.64342504e-2,12
