txId,confirmationTime
2026-06-18 10:01:50 UTC,4.886044966e-3,1.7404781816e-2,12
