txId,confirmationTime
2026-06-15 12:46:50 UTC,5.67811125e-3,1.9996168633e-2,12
