txId,confirmationTime
2026-06-16 13:29:55 UTC,5.187586783e-3,1.8349046016e-2,12
