txId,confirmationTime
2026-06-17 13:29:40 UTC,6.516213083e-3,1.8408982333e-2,12
