txId,confirmationTime
2026-06-16 10:24:20 UTC,5.960702666e-3,1.7524374583e-2,12
