txId,confirmationTime
2026-06-15 15:07:20 UTC,5.836489383e-3,1.9872361916e-2,12
