txId,confirmationTime
2026-06-12 14:47:50 UTC,4.673319783e-3,1.7943661233e-2,12
