txId,confirmationTime
2026-06-17 14:52:25 UTC,5.547585433e-3,1.8017282266e-2,12
