txId,confirmationTime
2026-06-15 09:07:25 UTC,5.225816416e-3,1.4992409233e-2,12
