txId,confirmationTime
2026-06-15 09:25:00 UTC,5.287458533e-3,1.7584816383e-2,12
