txId,confirmationTime
2026-06-17 16:13:00 UTC,6.464441016e-3,1.8838881233e-2,12
