txId,confirmationTime
2026-06-15 15:22:50 UTC,6.324124566e-3,1.84888082e-2,12
