txId,confirmationTime
2026-06-12 16:34:30 UTC,5.412762483e-3,1.6095258166e-2,12
