txId,confirmationTime
2026-06-18 12:54:35 UTC,6.005741566e-3,1.8052300966e-2,12
