txId,confirmationTime
2026-06-17 16:12:30 UTC,6.56977777e-2,0.14348360655,12
