txId,confirmationTime
2026-06-15 15:06:50 UTC,8.6435969183e-2,0.203713352533,12
