txId,confirmationTime
2026-06-17 14:51:55 UTC,6.47186228e-2,0.153184782633,12
