txId,confirmationTime
2026-06-16 13:29:25 UTC,6.5423317866e-2,0.159860187616,12
