txId,confirmationTime
2026-06-15 15:22:25 UTC,7.152801e-2,0.173469608883,12
