txId,confirmationTime
2026-06-15 09:07:00 UTC,6.123842955e-2,0.138603742816,12
