txId,confirmationTime
2026-06-12 16:33:55 UTC,5.5272328916e-2,0.132568279166,12
