txId,confirmationTime
2026-06-17 13:29:15 UTC,8.6663556066e-2,0.180820723166,12
