txId,confirmationTime
2026-06-15 09:24:35 UTC,7.2761848633e-2,0.166884519816,12
