txId,confirmationTime
2026-06-19 14:04:50 UTC,8.5176318633e-2,0.167836033216,12
