txId,confirmationTime
2026-06-12 14:47:15 UTC,7.0764687333e-2,0.16411748875,12
