txId,confirmationTime
2026-06-18 12:54:05 UTC,5.8676867816e-2,0.139609748383,12
