txId,confirmationTime
2026-06-18 10:01:15 UTC,6.7139142316e-2,0.15616217955,12
