txId,confirmationTime
2026-06-16 10:23:50 UTC,7.3194664066e-2,0.171257275833,12
