txId,confirmationTime
2026-06-15 12:46:20 UTC,7.1338633866e-2,0.180098089383,12
