txId,confirmationTime
2026-06-12 15:18:15 UTC,2.0103720311e-2,6.4138780677e-2,18
