txId,confirmationTime
2026-06-12 15:45:05 UTC,2.1354372488e-2,6.6783871066e-2,18
