txId,confirmationTime
2026-06-12 15:17:30 UTC,0.122254537988,0.358637864088,18
