txId,confirmationTime
2026-06-12 15:44:20 UTC,0.140132967255,0.400612170988,18
