txId,confirmationTime
2026-06-12 15:14:35 UTC,1.1173883433e-2,3.1304239166e-2,12
