txId,confirmationTime
2026-06-12 15:41:25 UTC,1.0951463066e-2,3.206026115e-2,12
