txId,confirmationTime
2026-06-15 12:43:45 UTC,2.1645223e-3,5.9903152e-3,6
