txId,confirmationTime
2026-06-16 10:21:20 UTC,1.990772666e-3,5.447752333e-3,6
