txId,confirmationTime
2026-06-12 14:44:45 UTC,2.222576466e-3,5.673028633e-3,6
