txId,confirmationTime
2026-06-17 13:26:45 UTC,2.482696233e-3,6.555774233e-3,6
