txId,confirmationTime
2026-06-16 13:26:50 UTC,2.315854766e-3,6.679044766e-3,6
