txId,confirmationTime
2026-06-17 14:49:30 UTC,2.136376333e-3,5.881382866e-3,6
