txId,confirmationTime
2026-06-15 09:04:35 UTC,1.724367133e-3,4.937421933e-3,6
