txId,confirmationTime
2026-06-12 16:31:25 UTC,1.983626033e-3,5.554335133e-3,6
