txId,confirmationTime
2026-06-18 09:58:45 UTC,2.054365633e-3,5.568951966e-3,6
