txId,confirmationTime
2026-06-17 16:10:00 UTC,2.1783967e-3,6.013312933e-3,6
