txId,confirmationTime
2026-06-15 15:04:20 UTC,2.3991805e-3,6.717677933e-3,6
