txId,confirmationTime
2026-06-19 14:02:25 UTC,1.664620566e-3,5.325518333e-3,6
